file,class,source,verified
images/builtin_圆环加号.png,圆环加号,内置模板(程序化生成),yes
images/builtin_圆环减号.png,圆环减号,内置模板(程序化生成),yes
images/builtin_圆环关闭.png,圆环关闭,内置模板(程序化生成),yes
images/builtin_圆环播放.png,圆环播放,内置模板(程序化生成),yes
images/builtin_加号.png,加号,内置模板(程序化生成),yes
images/builtin_减号.png,减号,内置模板(程序化生成),yes
images/builtin_关闭X.png,关闭X,内置模板(程序化生成),yes
images/builtin_对勾.png,对勾,内置模板(程序化生成),yes
images/builtin_右箭头.png,右箭头,内置模板(程序化生成),yes
images/builtin_左箭头.png,左箭头,内置模板(程序化生成),yes
images/builtin_心形.png,心形,内置模板(程序化生成),yes
images/builtin_星形.png,星形,内置模板(程序化生成),yes
images/builtin_笑脸.png,笑脸,内置模板(程序化生成),yes
images/builtin_麦克风.png,麦克风,内置模板(程序化生成),yes
images/builtin_搜索放大镜.png,搜索放大镜,内置模板(程序化生成),yes
images/builtin_汉堡菜单.png,汉堡菜单,内置模板(程序化生成),yes
images/builtin_齿轮设置.png,齿轮设置,内置模板(程序化生成),yes
images/builtin_铃铛通知.png,铃铛通知,内置模板(程序化生成),yes
images/builtin_信封邮件.png,信封邮件,内置模板(程序化生成),yes
images/builtin_锁.png,锁,内置模板(程序化生成),yes
images/builtin_眼睛.png,眼睛,内置模板(程序化生成),yes
images/builtin_主页.png,主页,内置模板(程序化生成),yes
images/builtin_垃圾桶删除.png,垃圾桶删除,内置模板(程序化生成),yes
images/builtin_相机.png,相机,内置模板(程序化生成),yes
images/builtin_用户头像.png,用户头像,内置模板(程序化生成),yes
images/capture_0.png,unknown_0,真实截图裁剪(待人工标注),no
images/capture_1.png,unknown_1,真实截图裁剪(待人工标注),no
images/capture_2.png,unknown_2,真实截图裁剪(待人工标注),no
images/capture_3.png,unknown_3,真实截图裁剪(待人工标注),no
images/capture_4.png,unknown_4,真实截图裁剪(待人工标注),no
images/capture_5.png,unknown_5,真实截图裁剪(待人工标注),no
images/capture_6.png,unknown_6,真实截图裁剪(待人工标注),no
